<!DOCTYPE mapper PUBLIC "-//mybatis.org//DTD Mapper 3.0//EN" "http://mybatis.org/dtd/mybatis-3-mapper.dtd">

<mapper namespace="com.project.crx.dao.TicketDAO">

    <resultMap type="TicketVO" id="Result">
        <result property="selectedSeats" column="selectedSeats" />
        <result property="hocha" column="hocha" />
        <result property="startname" column="startname" />
        <result property="endname" column="endname" />
        <result property="seatType" column="seatType" />
        <result property="startdate" column="startdate" />            
        <result property="trainType" column="trainType" />
        <result property="personnelCount" column="personnelCount" />
        <result property="childCount" column="childCount" />
        <result property="trainno" column="trainno" />    
        <result property="depTime" column="depTime" />
        <result property="arrTime" column="arrTime" />    
        <result property="duration" column="duration" />
        <result property="userid" column="userid" />
        <result property="totalAdultCharge" column="totalAdultCharge" />
        <result property="totalChildCharge" column="totalChildCharge" />
        <result property="totalCharge" column="totalCharge" />
        <result property="totalDiscount" column="totalDiscount" />
        <result property="endCharge" column="endCharge" />
        <result property="apply_num" column="apply_num" />
        <result property="paid_amount" column="paid_amount" />
        
    </resultMap>

	<insert id="insertReservation" parameterType="TicketVO">
	    INSERT INTO reservation
	    (userid, selectedSeats, hocha, startname, endname, seatType, startdate, trainType, personnelCount, childCount, trainno, depTime, arrTime, duration, totalAdultCharge, totalChildCharge, totalCharge, totalDiscount, endCharge)
	    VALUES
	    (#{userid}, #{selectedSeats}, #{hocha}, #{startname}, #{endname}, #{seatType}, #{startdate}, #{trainType}, #{personnelCount}, #{childCount}, #{trainno}, #{depTime}, #{arrTime}, #{duration}, #{totalAdultCharge}, #{totalChildCharge}, #{totalCharge}, #{totalDiscount}, #{endCharge})
	</insert>


	<select id="getPayment">
		SELECT * FROM reservation;
	</select>
	
	<insert id="insertPayment" parameterType="TicketVO">
	    INSERT INTO paytrain
	    (apply_num, paid_amount, userid, selectedSeats, hocha, startname, endname, seatType, startdate, trainType, personnelCount, childCount, trainno, depTime, arrTime, duration, totalAdultCharge, totalChildCharge, totalCharge, totalDiscount, endCharge)
	    VALUES
	    (#{apply_num}, #{paid_amount}, #{userid}, #{selectedSeats}, #{hocha}, #{startname}, #{endname}, #{seatType}, #{startdate}, #{trainType}, #{personnelCount}, #{childCount}, #{trainno}, #{depTime}, #{arrTime}, #{duration}, #{totalAdultCharge}, #{totalChildCharge}, #{totalCharge}, #{totalDiscount}, #{endCharge})
	</insert>

	<select id="getTicketing">
		SELECT * FROM paytrain;
	</select>


	
</mapper>

