<!DOCTYPE mapper PUBLIC "-//mybatis.org//DTD Mapper 3.0//EN" "http://mybatis.org/dtd/mybatis-3-mapper.dtd">
<mapper namespace="com.project.crx.dao.CrxDAO">

	<resultMap id="Result" type="CrxVO">
		<id property="userid" column="userid" />
		<result property="userpwd" column="userpwd" />
		<result property="username" column="username" />
		<result property="usermail" column="usermail" />
		<result property="usertel" column="usertel" />
		<result property="parenttel" column="parenttel" />
		<result property="usergender" column="usergender" />
		<result property="userbirth" column="userbirth" />
		<result property="useradd" column="useradd" />
	</resultMap>

	<select id="loginById" parameterType="CrxVO"
		resultType="CrxVO">
		select *
		from user
		where userid = #{userid} and userpwd = #{userpwd}
	</select>

	<select id="getUserInfo" parameterType="int" resultType="CrxVO">
		select username, userpwd, usermail, usertel, userbirth, useradd
		from user
		where userid = #{userid}
	</select>

	<update id="updateUserInfo" parameterType="CrxVO">
		update user
		set username = #{username},
		userbirth = #{userbirth},
		usertel = #{usertel},
		usermail = #{usermail},
		useradd = #{useradd}
		where userid = #{userid}
	</update>

	<update id="updateUserPwd" parameterType="CrxVO">
	    update user
	    set userpwd = #{userpwd}
	    where userid = #{userid}
	</update>


</mapper>
