<!DOCTYPE mapper PUBLIC "-//mybatis.org//DTD Mapper 3.0//EN" "http://mybatis.org/dtd/mybatis-3-mapper.dtd">
<mapper namespace="com.project.crx.dao.CrxDAO">

	<resultMap id="Result" type="CrxVO">
		<id property="userid" column="userid" />
		<result property="userpwd" column="userpwd" />
		<result property="username" column="username" />
		<result property="usermail" column="usermail" />
		<result property="usertel" column="usertel" />
		<result property="parenttel" column="parenttel" />
		<result property="usergender" column="usergender" />
		<result property="userbirth" column="userbirth" />
		<result property="useradd" column="useradd" />

		<!-- member 테이블 필드 -->
		<result property="memid" column="memid" />
		<result property="mempwd" column="mempwd" />
		<result property="memname" column="memname" />
		<result property="memmail" column="memmail" />
		<result property="memtel" column="memtel" />
		<result property="memdate" column="memdate" />
		<result property="memgender" column="memgender" />
		<result property="membirth" column="membirth" />
		<result property="memgrade" column="memgrade" />
		<result property="memadd" column="memadd" />
		<result property="user_userid" column="user_userid" />
		<result property="division_divno" column="division_divno" />
	</resultMap>

	<select id="loginById" parameterType="CrxVO" resultType="CrxVO">
		select *
		from user
		left join member
		on user.userid=member.user_userid
		where userid = #{userid} and (userpwd = #{userpwd} or mempwd=#{userpwd})
	</select>

	<select id="getUserInfo" parameterType="int" resultType="CrxVO">
		select *
		from user
		left join member on user.userid = member.user_userid
		where user.userid = #{userid}
	</select>


	<select id="getUserInfoEmail" parameterType="String" resultType="CrxVO">
		select userid, username, userpwd, usermail, usertel, userbirth, useradd
		from user
		where usermail = #{usermail}
	</select>

	<update id="updateUserInfo" parameterType="CrxVO">
		update user
		set username = #{username},
		userbirth = #{userbirth},
		usertel = #{usertel},
		usermail = #{usermail},
		useradd = #{useradd}
		where userid = #{userid}
	</update>

	<!-- 일반 사용자의 비밀번호 변경 -->
	<update id="updatePwdById" parameterType="CrxVO">
		update user
		set userpwd = #{userpwd}
		where userid = #{userid}
	</update>

	<!-- 카카오 로그인 사용자의 비밀번호 초기 설정 -->
	<update id="updatePwdByMail" parameterType="CrxVO">
		update user
		set userpwd = #{userpwd}
		where usermail = #{usermail}
	</update>


</mapper>
