<!DOCTYPE mapper PUBLIC "-//mybatis.org//DTD Mapper 3.0//EN"
"http://mybatis.org/dtd/mybatis-3-mapper.dtd">
<mapper namespace="com.project.crx.dao.TourDAO">
	<resultMap id="Result" type="com.project.crx.vo.TourVO">
		<result property="tournum" column="tournum" />
		<result property="tourname" column="tourname" />
		<result property="tourno" column="tourno" />
		<result property="tourtitle" column="tourtitle" />
		<result property="tourcomment" column="tourcomment" />
		<result property="tourcontent" column="tourcontent" />
		<result property="tourcost" column="tourcost" />
		<result property="tournoted" column="tournoted" />
		<result property="file1" column="file1" />
		<result property="file2" column="file2" />
		<result property="file3" column="file3" />		
	</resultMap>
	
	<!-- 관광상품 리스트 -->
	<select id="tourList" resultMap="Result">
		select *
		from tour
	</select>
	
	<!-- 관광상품 번호로 삭제하게-->
	<delete id="tourDelete" parameterType="TourVO">
		delete
		from
		tour
		where tournum=#{tournum}		
	</delete>
</mapper>
